{
    "seed": 0,
    "airRatio": 0,
    "caveSize": 3,
    "smoothing": 4,
	"spawnSettings":{
        "water": {
            "count":0,
            "sizeMin": 200,
            "sizeMax": 600,
            "minSpawnHeight": 0.0,
            "maxSpawnHeight": 1.0
        },
        "sand":{
            "count":0,
            "sizeMin": 200,
            "sizeMax": 600,
            "minSpawnHeight": 0.0,
            "maxSpawnHeight": 1.0
        },
        "toxicgas":{
            "count":0,
            "sizeMin": 200,
            "sizeMax": 600,
            "minSpawnHeight": 0.0,
            "maxSpawnHeight": 1.0
        },
        "lava":{
            "count":0,
            "sizeMin": 200,
            "sizeMax": 600,
            "minSpawnHeight": 0.0,
            "maxSpawnHeight": 0.5
        },
        "coal": {
            "count":0,
            "sizeMin": 200,
            "sizeMax": 600,
            "minSpawnHeight": 0.0,
            "maxSpawnHeight": 1.0
        },
        "bronze":{
            "count":0,
            "sizeMin": 200,
            "sizeMax": 600,
            "minSpawnHeight": 0.0,
            "maxSpawnHeight": 0.7
        },
        "gold":{
            "count":30,
            "sizeMin": 200,
            "sizeMax": 600,
            "minSpawnHeight": 0.0,
            "maxSpawnHeight": 0.3
        }
    }
}
