{
    "seed": 0,
    "airRatio": 0,
    "caveSize": 3,
    "smoothing": 4,
	"hazardSettings":{
        "water": {
            "count":0,
            "sizeMin": 200,
            "sizeMax": 600
        },
        "sand":{
            "count":0,
            "sizeMin": 200,
            "sizeMax": 600
        },
        "toxicgas":{
            "count":0,
            "sizeMin": 200,
            "sizeMax": 600
        }
    },
    "oreSettings":{
        "coal": {
            "count":0,
            "sizeMin": 200,
            "sizeMax": 600,
            "minSpawnHeight": 0.0,
            "maxSpawnHeight": 1.0
        },
        "bronze":{
            "count":0,
            "sizeMin": 200,
            "sizeMax": 600,
            "minSpawnHeight": 0.0,
            "maxSpawnHeight": 0.7
        },
        "gold":{
            "count":0,
            "sizeMin": 200,
            "sizeMax": 600,
            "minSpawnHeight": 0.0,
            "maxSpawnHeight": 0.3
        }
    }
}
