{
    "seed": 0,
    "airRatio": 0.25,
    "caveSize": 3,
    "smoothing": 4,
    "spawnSettings": {
        "water": {
            "count": 30,
            "sizeMin": 200,
            "sizeMax": 400,
            "minSpawnHeight": 0.0,
            "maxSpawnHeight": 0.83
        },
        "sand": {
            "count": 15,
            "sizeMin": 200,
            "sizeMax": 400,
            "minSpawnHeight": 0.0,
            "maxSpawnHeight": 0.83
        },
        "gravel": {
            "count": 15,
            "sizeMin": 200,
            "sizeMax": 400,
            "minSpawnHeight": 0.0,
            "maxSpawnHeight": 0.83
        },
        "toxicgas": {
            "count": 30,
            "sizeMin": 200,
            "sizeMax": 400,
            "minSpawnHeight": 0.0,
            "maxSpawnHeight": 0.75
        },
        "lava": {
            "count": 30,
            "sizeMin": 200,
            "sizeMax": 400,
            "minSpawnHeight": 0.0,
            "maxSpawnHeight": 0.5
        },
        "coal": {
            "count": 60,
            "sizeMin": 200,
            "sizeMax": 400,
            "minSpawnHeight": 0.0,
            "maxSpawnHeight": 0.83
        },
        "bronze": {
            "count": 50,
            "sizeMin": 200,
            "sizeMax": 400,
            "minSpawnHeight": 0.0,
            "maxSpawnHeight": 0.7
        },
        "gold": {
            "count": 30,
            "sizeMin": 200,
            "sizeMax": 400,
            "minSpawnHeight": 0.0,
            "maxSpawnHeight": 0.4
        }
    },
    "core":
    {
        "doGeneration": true,
        "yPos": 150.0,
        "radius": 200,
        "shellRadius": 210
    }
}